id,title,description,createdAt,updatedAt,ownerId,courseId
052bb25d-c201-406f-8363-030f6aaa7b21,synthesize card #3,Amet sollicito venustas asporto volo defessus vinculum spiculum cogito audio. Aliquam arbitro amicitia curo theatrum. Aperte sed auxilium alter.,2025-10-05 23:40:07.964,2025-10-05 23:40:07.964,50a2f0ef-53f0-43b9-9873-d507451e59e0,57dcfedf-1ba9-4f59-8c32-0d9a0d5a006d
053ffab7-281d-4630-859e-b1e422a926ae,hack panel #1,Despecto absens stultus solvo adficio corona. Curiositas desipio verbum sunt non theologus urbs defluo demo creptio. Subiungo agnosco urbanus denique aegrotatio inventore cur utpote barba trepide.,2025-10-05 23:39:56.791,2025-10-05 23:39:56.791,2cf3a4cf-7e6c-4c4b-816a-827efe86750c,72516c50-8e2a-4ae5-865f-f9416254669f
057f18a6-b179-4237-85e0-258f437ea806,compress hard drive #5,Vergo condico viridis expedita. Illo aperio coruscus alveus qui dedecor tergo bos. Cultura vester sulum curatio.,2025-10-05 23:40:12.542,2025-10-05 23:40:12.542,a4625a19-9a05-4166-b982-bc36ce18c7c6,1d3d8bb7-1a40-4d00-b63c-9e533a92e5fb
0707b1c1-8e6e-4187-b4a6-336900aa48ae,compress protocol #4,Ars vivo eaque aequus quis casus thymbra. Volutabrum desipio deficio tardus apparatus incidunt in alii cura. Umerus alveus alioqui celebrer utilis aperiam suppellex ambitus qui.,2025-10-05 23:40:15.131,2025-10-05 23:40:15.131,a4625a19-9a05-4166-b982-bc36ce18c7c6,3af068ab-c1ab-472e-9243-8b000925dc1f
150c6fe0-af52-4e6f-bb1e-b57e77359c9b,generate system #4,Ipsum taedium deorsum. Voluptas eaque porro. Denuo curto aestas amissio.,2025-10-05 23:39:52.182,2025-10-05 23:39:52.182,06990645-7785-45e9-ad4e-e8dcd2a90444,6d84ec00-d196-4b3e-ab42-720510173769
17ff4829-00e5-461a-9132-2d1131890e21,compress alarm #3,Teres appono delibero. Cursus acsi terra abstergo tempus varietas damnatio. Demoror creta valens varius condico possimus vester.,2025-10-05 23:39:58.116,2025-10-05 23:39:58.116,2cf3a4cf-7e6c-4c4b-816a-827efe86750c,72516c50-8e2a-4ae5-865f-f9416254669f
1bc62fc4-380c-42d7-aa05-cafd36a2e77e,synthesize matrix #3,Cras turpis sequi soleo. Varius verto alius illum taedium templum pectus aspernatur thema. Aiunt delectus atavus confero accusamus cubo inventore quaerat.,2025-10-05 23:40:20.967,2025-10-05 23:40:20.967,da5d36c8-0072-42de-875e-ec26eccfef82,5ea385f8-1da7-4113-bc0a-a7b5d6ffb864
1bd98197-bcb9-4bc6-898b-c71716752cd5,bypass driver #1,Tener voco voluntarius. Paulatim substantia cinis quos defleo dens tempora cilicium cometes. Adstringo depereo verecundia pel in carus conicio ulterius laboriosam dolorum.,2025-10-05 23:39:53.486,2025-10-05 23:39:53.486,06990645-7785-45e9-ad4e-e8dcd2a90444,21fa6426-5847-4889-99ab-f7a3a4fed9dc
1f40c88a-f527-4789-9544-7e59a5610f92,transmit program #2,Aegrus adstringo animi nobis vestrum. Turpis decumbo suggero synagoga atavus contra. Aeneus conturbo facere vulnus demo totam custodia theca.,2025-10-05 23:40:10.578,2025-10-05 23:40:10.578,a4625a19-9a05-4166-b982-bc36ce18c7c6,1d3d8bb7-1a40-4d00-b63c-9e533a92e5fb
1f5a04da-4945-4232-98ff-0d27bf5e3229,calculate interface #2,Omnis denuncio quasi abstergo. Deprecator virga credo curriculum. Peccatus coaegresco cunctatio blandior voco aperte corrigo acies.,2025-10-05 23:40:26.878,2025-10-05 23:40:26.878,e8489858-4b4c-4c69-a143-24300bdf84b3,74bfbcee-55f8-417a-8ed8-63dc2f96bc62
2547431c-b202-4549-bf48-dc0a42ec51dd,input card #2,Umquam cogo aurum aperiam coadunatio termes. Calcar aspernatur concedo vigor conicio voveo. Atrox vallum degero sui vorago admitto.,2025-10-05 23:39:57.465,2025-10-05 23:39:57.465,2cf3a4cf-7e6c-4c4b-816a-827efe86750c,72516c50-8e2a-4ae5-865f-f9416254669f
26d76936-97ab-4b64-9402-c57b30b57e9e,synthesize alarm #3,Surgo tubineus voluptatem voluptates aedificium traho sint sit. Sol vomito vere decens. Conturbo trepide substantia.,2025-10-05 23:40:04.622,2025-10-05 23:40:04.622,50a2f0ef-53f0-43b9-9873-d507451e59e0,6e190522-01b5-452a-b8cb-b99961aa0bda
26e5949d-67ca-49ee-97af-2fff031ebc1f,index system #4,Color esse aedificium voluptas contigo demulceo conspergo statim. Sumo ceno comedo antea sollers adflicto patrocinor ustulo. Deduco degenero aestus speciosus trado caries curiositas tumultus utpote carcer.,2025-10-05 23:40:05.28,2025-10-05 23:40:05.28,50a2f0ef-53f0-43b9-9873-d507451e59e0,6e190522-01b5-452a-b8cb-b99961aa0bda
29df12d4-5a7c-422a-a5cf-05ec1feb6077,quantify hard drive #1,Amissio capitulus vir cogo asporto. Cohibeo adeptio commodi illum ipsam consuasor. Vociferor cotidie causa careo defungo tempore.,2025-10-05 23:40:16.417,2025-10-05 23:40:16.417,da5d36c8-0072-42de-875e-ec26eccfef82,1a24c5ce-04a6-4d2a-b9fd-1aea10c0ee65
2b44fb93-77b0-45c8-b00f-565767381ba6,generate sensor #2,Decipio commemoro est sto certus tabgo admoneo admiratio creptio considero. Deprecator commemoro aurum collum voluptatem. Decretum nemo vorago carbo stabilis sumptus.,2025-10-05 23:40:00.702,2025-10-05 23:40:00.702,2cf3a4cf-7e6c-4c4b-816a-827efe86750c,139f7263-47c0-4c6e-9e1a-32b45c4b949c
2dd7031b-da0c-455b-a195-a0d836c41cd4,bypass matrix #1,Vulnus curtus comitatus ventus aureus possimus cultura adhuc conor. Stipes vinum ceno tondeo adsidue. Aeneus victus tener solus tredecim sit volo.,2025-10-05 23:40:26.238,2025-10-05 23:40:26.238,e8489858-4b4c-4c69-a143-24300bdf84b3,74bfbcee-55f8-417a-8ed8-63dc2f96bc62
2e388931-4a3f-4cc9-a693-f6aaa063ab04,connect alarm #1,Quidem nobis talio spero basium conservo antea aperio. Una vivo quisquam auctus amiculum torqueo nihil quae. Succedo trucido adstringo tametsi ullus circumvenio rerum combibo vitae.,2025-10-05 23:40:06.604,2025-10-05 23:40:06.604,50a2f0ef-53f0-43b9-9873-d507451e59e0,57dcfedf-1ba9-4f59-8c32-0d9a0d5a006d
2ef8dfba-1b66-4cc5-bd86-1d918716acf5,hack port #2,Magni bardus talis admoveo ulterius. Utilis conservo suppono comis. Antepono atrox depromo aggredior autus villa voluptatibus coruscus vesica impedit.,2025-10-05 23:40:17.068,2025-10-05 23:40:17.068,da5d36c8-0072-42de-875e-ec26eccfef82,1a24c5ce-04a6-4d2a-b9fd-1aea10c0ee65
3bdb927e-22b6-416a-bf29-5512495f01a0,back up hard drive #4,Tabernus acervus numquam vilis ater. Aliqua quidem inventore cum eligendi vel. Acerbitas universe neque validus.,2025-10-05 23:39:38.973,2025-10-05 23:39:38.973,7db121b9-90e4-458f-9baa-c14a41ad4e03,60675058-99df-4d8c-bcb5-4e45d5c42701
3e710ed0-8f65-4ae6-b2eb-a799979fbbbf,index capacitor #3,Defleo non consuasor asper desparatus triduana. Confido videlicet verecundia bellum adflicto talio tres volaticus. Pauci ex acsi caritas degero quisquam iusto talis cibus maiores.,2025-10-05 23:40:24.267,2025-10-05 23:40:24.267,e8489858-4b4c-4c69-a143-24300bdf84b3,9ff696a2-c449-4a45-a8d1-cae11c7f09ce
3f46842b-57fd-422f-b801-2918d0346bc3,synthesize system #5,Utilis tabula casus aegre. Verecundia recusandae supplanto cauda super. Corrupti quis arbustum.,2025-10-05 23:40:09.244,2025-10-05 23:40:09.244,50a2f0ef-53f0-43b9-9873-d507451e59e0,57dcfedf-1ba9-4f59-8c32-0d9a0d5a006d
416a2161-8312-470d-9522-15452fa23c90,input port #5,Neque animadverto adfectus. Trucido angulus adipisci. Tutamen celebrer curis adflicto deduco nesciunt.,2025-10-05 23:39:52.842,2025-10-05 23:39:52.842,06990645-7785-45e9-ad4e-e8dcd2a90444,6d84ec00-d196-4b3e-ab42-720510173769
4f6ab05b-d36a-49d6-abe4-4ba9ee35f8c6,quantify protocol #5,Admoneo cuius sperno defaeco tamquam consuasor. Audentia tamquam in barba claro tamisium denuncio bibo. Sumo vita curso demo velociter esse suffragium caste dedecor anser.,2025-10-05 23:39:49.483,2025-10-05 23:39:49.483,55c09bde-da6d-45cd-853f-9de5d7390770,2da7d3c4-7978-45a6-92f6-23f75d41d643
5123161d-fda0-4582-a3ab-52e99d9758d4,hack microchip #1,Acceptus verbera centum. Xiphias beneficium celo somnus vociferor veritas desolo theatrum appositus. Vobis ascit coepi amaritudo cernuus totam crapula alienus congregatio vomica.,2025-10-05 23:40:09.905,2025-10-05 23:40:09.905,a4625a19-9a05-4166-b982-bc36ce18c7c6,1d3d8bb7-1a40-4d00-b63c-9e533a92e5fb
52477180-e116-49bc-9dce-024e1ad5910f,generate program #1,Caelestis desparatus cavus absque. Dolorem decumbo volaticus molestias urbanus apud modi ustilo. Supellex corrigo aliquam defungo crur usque careo.,2025-10-05 23:40:00.071,2025-10-05 23:40:00.071,2cf3a4cf-7e6c-4c4b-816a-827efe86750c,139f7263-47c0-4c6e-9e1a-32b45c4b949c
53e59ae6-42bd-4da6-bd9f-dc0f5ca9198e,navigate monitor #3,Arbor aliquid acceptus uterque capillus beneficium. Comitatus dicta ascisco vitiosus ullus urbanus cum tempus. Absorbeo accusantium ocer deficio.,2025-10-05 23:40:11.235,2025-10-05 23:40:11.235,a4625a19-9a05-4166-b982-bc36ce18c7c6,1d3d8bb7-1a40-4d00-b63c-9e533a92e5fb
5a623de0-a5c0-4d29-8eb3-6acd8ade5926,copy microchip #2,Dapifer verumtamen conitor adopto bardus curatio bonus a veritas tutamen. Aspicio animi aegre surculus vestrum curvo animadverto doloremque. Corrupti quas supellex amor adeptio.,2025-10-05 23:39:44.231,2025-10-05 23:39:44.231,55c09bde-da6d-45cd-853f-9de5d7390770,7a9372b0-79e6-4c98-a92b-69be0dddf8c5
5a809280-fc34-44b6-8c49-23ce28b00225,copy feed #2,Voluptatibus similique victus cognomen. Tener studio vociferor cruentus aperte spectaculum suspendo necessitatibus beatae. Color cursus similique tamdiu campana cultellus censura.,2025-10-05 23:39:40.954,2025-10-05 23:39:40.954,7db121b9-90e4-458f-9baa-c14a41ad4e03,838d93d8-b123-4f1d-8059-0e8c33031123
5aa4fa7a-a2bd-42e7-9e3c-398fc4236911,program circuit #1,Capillus alo atrox thema spiculum incidunt. Vesco aequus cicuta consectetur tero vulgivagus. Utilis triduana caelestis cubitum.,2025-10-05 23:39:37.007,2025-10-05 23:39:37.007,7db121b9-90e4-458f-9baa-c14a41ad4e03,60675058-99df-4d8c-bcb5-4e45d5c42701
5b7c1892-6dc0-4540-8b2f-fa25507a5339,index driver #4,Utor terra aspicio. Depono quibusdam vindico nisi harum admitto advenio. Adduco talus supra appositus.,2025-10-05 23:40:18.381,2025-10-05 23:40:18.381,da5d36c8-0072-42de-875e-ec26eccfef82,1a24c5ce-04a6-4d2a-b9fd-1aea10c0ee65
60ee0443-1b9d-40fd-ae16-4219dc605e62,connect system #1,Neque socius adamo quae dolor in contigo aggredior. Virga cunabula deleo admoveo. Sunt fugiat dolor.,2025-10-05 23:40:22.97,2025-10-05 23:40:22.97,e8489858-4b4c-4c69-a143-24300bdf84b3,9ff696a2-c449-4a45-a8d1-cae11c7f09ce
6c3c9e1d-6162-4345-a6e9-a0d82c41d803,parse firewall #4,Candidus torqueo odio bene capillus quisquam triduana cupressus. Usque sortitus dedico depopulo bardus. Contego vulnero denego depereo maxime veritatis thesis defendo.,2025-10-05 23:40:11.883,2025-10-05 23:40:11.883,a4625a19-9a05-4166-b982-bc36ce18c7c6,1d3d8bb7-1a40-4d00-b63c-9e533a92e5fb
6c478489-0afc-4988-b0bf-5ccbc4aaa202,override card #1,Amo vociferor ater socius cariosus sunt tergiversatio. Porro vapulus aeternus comptus carpo voveo cribro synagoga. Beneficium capitulus cilicium cunctatio canonicus accusantium utroque vociferor.,2025-10-05 23:40:13.205,2025-10-05 23:40:13.205,a4625a19-9a05-4166-b982-bc36ce18c7c6,3af068ab-c1ab-472e-9243-8b000925dc1f
707bd10e-27cc-408a-afb0-123ce17e56c8,override transmitter #3,Vesco tempus omnis aureus sopor qui pauper depraedor. Conculco earum avaritia tibi audax ago debeo. Debitis charisma labore conor vicissitudo vesco desipio complectus.,2025-10-05 23:39:51.477,2025-10-05 23:39:51.477,06990645-7785-45e9-ad4e-e8dcd2a90444,6d84ec00-d196-4b3e-ab42-720510173769
7408df4a-5ad7-45fd-aee7-aaa45f2b262e,connect application #4,Itaque claro cur cotidie. Ventosus depromo comprehendo amissio viriliter adulescens coadunatio coadunatio commemoro asper. Annus rem anser aeneus verbera auditor trado impedit aetas.,2025-10-05 23:39:45.551,2025-10-05 23:39:45.551,55c09bde-da6d-45cd-853f-9de5d7390770,7a9372b0-79e6-4c98-a92b-69be0dddf8c5
75bbe5cd-853f-4439-99e8-a920b5017193,synthesize program #5,Administratio turpis debitis conicio in aliqua temperantia non audentia. Audacia adstringo odio tunc. Administratio nam totus.,2025-10-05 23:40:05.952,2025-10-05 23:40:05.952,50a2f0ef-53f0-43b9-9873-d507451e59e0,6e190522-01b5-452a-b8cb-b99961aa0bda
7747c9e8-7c3b-4c5b-a000-7e909c213fa5,bypass feed #1,Adflicto certus vis viriliter consequuntur adimpleo. Cruciamentum vinitor ara tenax. Vomica creber terga.,2025-10-05 23:39:46.842,2025-10-05 23:39:46.842,55c09bde-da6d-45cd-853f-9de5d7390770,2da7d3c4-7978-45a6-92f6-23f75d41d643
79a6e622-a436-464f-bd2c-a50e42337aa5,index panel #5,Vulnero civis fugiat expedita cultura asporto voluptatum ultio. Pax calcar illum sub dolorum vulariter. Correptius ter assumenda creo conor custodia terminatio.,2025-10-05 23:39:59.413,2025-10-05 23:39:59.413,2cf3a4cf-7e6c-4c4b-816a-827efe86750c,72516c50-8e2a-4ae5-865f-f9416254669f
7cb8e45f-05b1-42ce-9728-46fc0e7c62ca,input hard drive #2,Sodalitas ustilo tribuo. Aestivus amplexus admiratio causa appositus caveo creo villa. Truculenter sulum amplexus tabgo cervus repudiandae confugo.,2025-10-05 23:40:03.966,2025-10-05 23:40:03.966,50a2f0ef-53f0-43b9-9873-d507451e59e0,6e190522-01b5-452a-b8cb-b99961aa0bda
80e4a6da-6396-4562-be68-55f4d0580e1b,back up bandwidth #3,Nemo similique acceptus vitium adinventitias aranea accedo. Vicissitudo sophismata traho abutor id degero deserunt. Stella desolo teneo.,2025-10-05 23:40:14.492,2025-10-05 23:40:14.492,a4625a19-9a05-4166-b982-bc36ce18c7c6,3af068ab-c1ab-472e-9243-8b000925dc1f
820d6c88-aa5c-472d-a8a7-88ad075562a1,calculate panel #2,Rem auxilium beneficium adhuc comminor laborum una. Dapifer viriliter super via eum caute admoveo sursum. Cognatus exercitationem magni.,2025-10-05 23:39:50.816,2025-10-05 23:39:50.816,06990645-7785-45e9-ad4e-e8dcd2a90444,6d84ec00-d196-4b3e-ab42-720510173769
843ee5ad-fe94-4022-bf81-1d9a58733ab2,transmit pixel #4,Uxor admiratio cauda delego calamitas tam verto. Congregatio vito decretum deporto consequuntur verbera. Tempus tondeo congregatio damno ubi conventus thalassinus.,2025-10-05 23:39:48.834,2025-10-05 23:39:48.834,55c09bde-da6d-45cd-853f-9de5d7390770,2da7d3c4-7978-45a6-92f6-23f75d41d643
88471e64-bdda-40c2-aa57-f4f4f29ace55,transmit driver #1,Coniecto eligendi decet utrum dicta. Aptus vomito carus aer somnus pariatur cuppedia. Territo autus tracto sodalitas curatio defungo.,2025-10-05 23:39:43.554,2025-10-05 23:39:43.554,55c09bde-da6d-45cd-853f-9de5d7390770,7a9372b0-79e6-4c98-a92b-69be0dddf8c5
893fd440-bc13-4360-b2e6-6738f1b989d2,index firewall #3,Paens nemo arx demens ipsum. Bellum talis acies conspergo termes magni cavus. Minima theca tabesco pel depopulo appello cedo curatio.,2025-10-05 23:39:38.314,2025-10-05 23:39:38.314,7db121b9-90e4-458f-9baa-c14a41ad4e03,60675058-99df-4d8c-bcb5-4e45d5c42701
9647e690-8d32-438b-afe1-8710e7a4896a,parse program #2,Artificiose texo praesentium adinventitias. Colligo corporis tenus tondeo cubo vinitor cum. Denuo velit venustas alias video tremo textilis averto tibi.,2025-10-05 23:40:13.843,2025-10-05 23:40:13.843,a4625a19-9a05-4166-b982-bc36ce18c7c6,3af068ab-c1ab-472e-9243-8b000925dc1f
96fa5ac4-3e0a-40aa-8aec-9bf0b2d93b99,transmit capacitor #5,Pel veritas aro tantum minus cervus demitto concido. Valetudo modi ratione earum admoneo candidus deprimo. Attonbitus desparatus commodi causa delectus.,2025-10-05 23:40:02.644,2025-10-05 23:40:02.644,2cf3a4cf-7e6c-4c4b-816a-827efe86750c,139f7263-47c0-4c6e-9e1a-32b45c4b949c
987988d1-4c24-4ba8-9290-c3977cb4966b,navigate capacitor #3,Aggero arceo coadunatio alii verbum absconditus. Anser cohors vester arx vociferor basium. Incidunt vado iste facere autus aspernatur veritatis complectus.,2025-10-05 23:39:48.177,2025-10-05 23:39:48.177,55c09bde-da6d-45cd-853f-9de5d7390770,2da7d3c4-7978-45a6-92f6-23f75d41d643
990fa3b5-41e4-47fa-a31c-c8613e9a8058,hack protocol #5,Vinitor blanditiis comparo temperantia. Pecus decretum talis calco adsum coepi. Aspicio conspergo cubo adsuesco nostrum vado.,2025-10-05 23:39:56.152,2025-10-05 23:39:56.152,06990645-7785-45e9-ad4e-e8dcd2a90444,21fa6426-5847-4889-99ab-f7a3a4fed9dc
9b5e54c6-c628-4397-9ed3-fc47b1da0fb7,generate microchip #2,Statua vicissitudo nemo. Non tener cum utroque. Velum qui apostolus collum baiulus ver temporibus spes.,2025-10-05 23:39:54.159,2025-10-05 23:39:54.159,06990645-7785-45e9-ad4e-e8dcd2a90444,21fa6426-5847-4889-99ab-f7a3a4fed9dc
a737c045-2754-414a-9457-a86a732654b9,transmit capacitor #1,Tumultus ipsa argumentum suscipit pauci suus tenus voluptates. Congregatio socius aegrotatio velit animadverto complectus tot. Cruentus demergo ultra conforto ustulo alienus tergiversatio.,2025-10-05 23:39:50.159,2025-10-05 23:39:50.159,06990645-7785-45e9-ad4e-e8dcd2a90444,6d84ec00-d196-4b3e-ab42-720510173769
a739a3b4-028e-4701-b980-44a997685936,calculate feed #2,Terebro thymbra arguo cornu corroboro. Theologus suffragium aufero cornu. Quisquam animus voro.,2025-10-05 23:40:20.332,2025-10-05 23:40:20.332,da5d36c8-0072-42de-875e-ec26eccfef82,5ea385f8-1da7-4113-bc0a-a7b5d6ffb864
a8406fcf-0351-46fd-8e4f-074bbf8f7851,transmit card #3,Admoneo amplitudo abduco xiphias thorax terror dolore coepi. Cinis coruscus temperantia harum. Accusamus ambulo cunctatio.,2025-10-05 23:40:17.729,2025-10-05 23:40:17.729,da5d36c8-0072-42de-875e-ec26eccfef82,1a24c5ce-04a6-4d2a-b9fd-1aea10c0ee65
ac45ce93-55d2-4375-aacb-02de774cd759,quantify port #1,Appositus arbustum subiungo sed tero. Stultus armarium careo turbo bellum aequus succedo culpa verumtamen sol. Vinitor caute conduco.,2025-10-05 23:40:19.688,2025-10-05 23:40:19.688,da5d36c8-0072-42de-875e-ec26eccfef82,5ea385f8-1da7-4113-bc0a-a7b5d6ffb864
ac463b7f-2d1a-4c0c-bf84-88c485fe438c,index capacitor #3,Adhaero comparo delicate arceo vorax bellicus aperte. Tenus cursim maiores accusator. Decumbo totam vae.,2025-10-05 23:39:54.821,2025-10-05 23:39:54.821,06990645-7785-45e9-ad4e-e8dcd2a90444,21fa6426-5847-4889-99ab-f7a3a4fed9dc
ad03791c-d0a7-4942-8ea3-aaea23d1c326,calculate system #2,Valens quibusdam titulus aegrotatio conculco combibo repellat constans arcesso patior. Creber apparatus auxilium capio coepi sed paulatim subito conventus. Barba delicate thesis attero amo vacuus conicio stella acies.,2025-10-05 23:39:47.524,2025-10-05 23:39:47.524,55c09bde-da6d-45cd-853f-9de5d7390770,2da7d3c4-7978-45a6-92f6-23f75d41d643
af61145b-ba7d-4d79-81ac-504813a467eb,transmit program #4,Aegre comes cenaculum dicta. Una tutis contigo stips coma adulescens substantia absque cunabula. Suadeo tener cognomen tondeo claudeo.,2025-10-05 23:40:02.008,2025-10-05 23:40:02.008,2cf3a4cf-7e6c-4c4b-816a-827efe86750c,139f7263-47c0-4c6e-9e1a-32b45c4b949c
b31fdd27-f2ef-4037-bd25-ea1cb5f25c26,copy transmitter #4,Nisi cimentarius cibo cultellus. Adopto nesciunt agnitio arma decerno dolore caute comes aiunt cognatus. Vinco conculco molestias verbera absconditus tollo vinum aliqua arx vitium.,2025-10-05 23:39:58.762,2025-10-05 23:39:58.762,2cf3a4cf-7e6c-4c4b-816a-827efe86750c,72516c50-8e2a-4ae5-865f-f9416254669f
b6fadc97-c2d5-4bbe-b5c4-c1f7d5817846,parse bus #2,Depulso vergo beneficium arbor. Desino vere arca sint candidus aro statua paens temeritas. Dedico cultura vorax claro claustrum.,2025-10-05 23:40:07.304,2025-10-05 23:40:07.304,50a2f0ef-53f0-43b9-9873-d507451e59e0,57dcfedf-1ba9-4f59-8c32-0d9a0d5a006d
b9a3c500-ac5f-4363-86f8-e8025509c5f7,bypass microchip #3,Bene turba adaugeo turpis degero blandior appello viriliter. Avarus conqueror quam. Antea clam capitulus benigne cunctatio succurro blandior.,2025-10-05 23:40:01.343,2025-10-05 23:40:01.343,2cf3a4cf-7e6c-4c4b-816a-827efe86750c,139f7263-47c0-4c6e-9e1a-32b45c4b949c
ba9e8d2c-b6d5-4905-a324-48022cfa7dc7,calculate system #5,Censura officiis supplanto vilis uxor dolorum teres libero ipsum. Antepono ex censura. Supra adduco pariatur.,2025-10-05 23:40:25.585,2025-10-05 23:40:25.585,e8489858-4b4c-4c69-a143-24300bdf84b3,9ff696a2-c449-4a45-a8d1-cae11c7f09ce
c10acbb2-ab7a-4335-a8f8-d24da4fd92e3,quantify driver #2,Curia nesciunt tristis thymum usitas adulatio stultus apud. Inflammatio culpa eius vulnus appositus spero. Apparatus articulus vir utroque venustas vulgaris.,2025-10-05 23:39:37.652,2025-10-05 23:39:37.652,7db121b9-90e4-458f-9baa-c14a41ad4e03,60675058-99df-4d8c-bcb5-4e45d5c42701
c12864ed-f0db-4c71-a8cf-0d63e8953e80,navigate alarm #5,Summisse copiose admoveo temeritas vis capto commodo auctus neque. Constans subiungo laborum crepusculum. Libero abscido aeternus uxor aetas suffragium.,2025-10-05 23:40:28.851,2025-10-05 23:40:28.851,e8489858-4b4c-4c69-a143-24300bdf84b3,74bfbcee-55f8-417a-8ed8-63dc2f96bc62
c5668c5c-90fd-4ca4-875c-809c7d90920c,transmit circuit #4,Tantum tonsor vinculum coma una apostolus sufficio talis. Casus uterque asporto adnuo sunt demonstro ulciscor credo. Tubineus inflammatio auditor suppellex.,2025-10-05 23:39:42.258,2025-10-05 23:39:42.258,7db121b9-90e4-458f-9baa-c14a41ad4e03,838d93d8-b123-4f1d-8059-0e8c33031123
c5b9f344-b4c8-44f1-8cea-6212ff4c2296,program sensor #5,Attollo censura avarus caritas cohibeo itaque odio. Possimus aggredior alias astrum eaque benigne. Cubo tonsor abutor sodalitas sortitus.,2025-10-05 23:39:39.634,2025-10-05 23:39:39.634,7db121b9-90e4-458f-9baa-c14a41ad4e03,60675058-99df-4d8c-bcb5-4e45d5c42701
d4d546dc-8d9e-4924-adf8-b5c360ce8570,parse array #1,Titulus tenetur amplitudo sequi trucido neque sint defungo eveniet. Repudiandae aggredior dapifer. Impedit appello studio theatrum ascit.,2025-10-05 23:40:03.307,2025-10-05 23:40:03.307,50a2f0ef-53f0-43b9-9873-d507451e59e0,6e190522-01b5-452a-b8cb-b99961aa0bda
d50b6606-93ec-4005-8b3d-c9d7f209acd6,calculate protocol #4,Voluptatem turbo desino vomica. Cognatus reprehenderit consectetur. Aedificium inflammatio officiis solitudo cattus copia turpis autem tres magnam.,2025-10-05 23:40:21.609,2025-10-05 23:40:21.609,da5d36c8-0072-42de-875e-ec26eccfef82,5ea385f8-1da7-4113-bc0a-a7b5d6ffb864
d6e0ff49-bc1d-47d4-9ab4-f108ab0be32a,override capacitor #5,Uterque antepono usitas optio antepono cursus arto subseco. Amiculum dicta torrens video doloribus virga facilis cruentus ubi. Demens depraedor tyrannus tristis culpo concedo.,2025-10-05 23:40:15.781,2025-10-05 23:40:15.781,a4625a19-9a05-4166-b982-bc36ce18c7c6,3af068ab-c1ab-472e-9243-8b000925dc1f
de69f046-2e3c-4d43-aff3-517e5043d0a1,compress hard drive #2,Carmen similique soleo tredecim cura. Certus vomer patior. Absens eaque adfero modi verumtamen volo hic defungo.,2025-10-05 23:40:23.609,2025-10-05 23:40:23.609,e8489858-4b4c-4c69-a143-24300bdf84b3,9ff696a2-c449-4a45-a8d1-cae11c7f09ce
def70e85-3b16-49aa-8859-8ec527d0b5a8,compress alarm #3,Thorax confugo decor spero dolor universe. Absque tergo degusto voveo denuncio vos tego carpo fugiat. Umquam alter suffoco coniuratio absconditus culpo canonicus totus conduco tres.,2025-10-05 23:39:44.907,2025-10-05 23:39:44.907,55c09bde-da6d-45cd-853f-9de5d7390770,7a9372b0-79e6-4c98-a92b-69be0dddf8c5
dfe5ce81-50bc-4593-913b-c2e8c26aca4a,calculate sensor #1,Maiores somnus spoliatio vicinus vulnus suppellex. Utroque admiratio callide velit cattus. Apto unde desidero spero.,2025-10-05 23:39:40.309,2025-10-05 23:39:40.309,7db121b9-90e4-458f-9baa-c14a41ad4e03,838d93d8-b123-4f1d-8059-0e8c33031123
e5737a44-240a-4d28-ab52-a84804a05335,generate monitor #4,Spiculum statim quo cena adficio defleo vallum. Tristis vulgaris ascit stultus sperno volva voro. Careo theologus amissio termes verbum crebro quos curtus.,2025-10-05 23:40:08.601,2025-10-05 23:40:08.601,50a2f0ef-53f0-43b9-9873-d507451e59e0,57dcfedf-1ba9-4f59-8c32-0d9a0d5a006d
ec32a69c-5759-4cf0-b737-6bea8e09090d,navigate protocol #5,Voco defero aranea cribro virgo comitatus. Uxor consectetur agnosco surculus color terra decipio deorsum tergo. Decipio coruscus cornu est titulus conturbo.,2025-10-05 23:40:22.306,2025-10-05 23:40:22.306,da5d36c8-0072-42de-875e-ec26eccfef82,5ea385f8-1da7-4113-bc0a-a7b5d6ffb864
ed59043a-cf42-46dc-9000-0377168a24d5,bypass hard drive #3,Ago timor tepidus. Ultra statua admoveo terra tutis thermae distinctio candidus tutis suscipio. Armarium caelum beneficium textor audentia aeger vulticulus acidus truculenter copiose.,2025-10-05 23:40:27.538,2025-10-05 23:40:27.538,e8489858-4b4c-4c69-a143-24300bdf84b3,74bfbcee-55f8-417a-8ed8-63dc2f96bc62
f0b7d33f-4c85-446d-a7b8-edb9326b72ad,generate program #4,Videlicet tantillus vilis spes. Vigilo cetera conatus substantia teneo. Bardus theologus taceo adversus crepusculum cimentarius cogo vomito sed sunt.,2025-10-05 23:39:55.48,2025-10-05 23:39:55.48,06990645-7785-45e9-ad4e-e8dcd2a90444,21fa6426-5847-4889-99ab-f7a3a4fed9dc
f11b680d-c64b-4a12-8897-4261c683e070,generate port #3,Tyrannus auctor viscus cotidie confido advenio depereo amitto carpo comes. Utique cognatus una umquam tendo arca strues vinculum statim. Desino sint dolorem animadverto color.,2025-10-05 23:39:41.593,2025-10-05 23:39:41.593,7db121b9-90e4-458f-9baa-c14a41ad4e03,838d93d8-b123-4f1d-8059-0e8c33031123
f9d837da-0ce6-4dcc-ba8c-4cccfc1737a5,parse transmitter #4,Deripio comprehendo decet umquam stella. Barba uterque adulatio valeo compono comburo doloremque vilicus adiuvo consequuntur. Crustulum avarus currus creptio veritas tempus despecto voveo delego.,2025-10-05 23:40:24.922,2025-10-05 23:40:24.922,e8489858-4b4c-4c69-a143-24300bdf84b3,9ff696a2-c449-4a45-a8d1-cae11c7f09ce
fbd4d567-0bf1-4609-b335-a26a9936085e,synthesize alarm #4,Casso sortitus valeo. Pectus audio tibi volaticus censura deputo. Laboriosam desolo arbor.,2025-10-05 23:40:28.199,2025-10-05 23:40:28.199,e8489858-4b4c-4c69-a143-24300bdf84b3,74bfbcee-55f8-417a-8ed8-63dc2f96bc62
fc5eda10-0ddd-4cd6-9e85-9d7d46676e83,quantify program #5,Amiculum tumultus speciosus subiungo conventus utroque surgo amplexus. Valde adiuvo vito spoliatio quos cerno. Vilitas coadunatio terga crudelis.,2025-10-05 23:39:42.894,2025-10-05 23:39:42.894,7db121b9-90e4-458f-9baa-c14a41ad4e03,838d93d8-b123-4f1d-8059-0e8c33031123
fe82d630-0dfe-4d9d-9149-68eb5d1385ad,compress protocol #5,Doloremque tenus victus. Totus valeo aveho ciminatio civitas cotidie crudelis impedit artificiose studio. Collum desolo theca tactus.,2025-10-05 23:39:46.195,2025-10-05 23:39:46.195,55c09bde-da6d-45cd-853f-9de5d7390770,7a9372b0-79e6-4c98-a92b-69be0dddf8c5
feb30a46-f5c9-4baf-8bef-c5b288b2eced,connect driver #5,Deporto cumque vos adsidue aranea. Quidem adopto tubineus. Et libero assumenda avaritia comis optio bellum.,2025-10-05 23:40:19.036,2025-10-05 23:40:19.036,da5d36c8-0072-42de-875e-ec26eccfef82,1a24c5ce-04a6-4d2a-b9fd-1aea10c0ee65